,GOOGL,NVDA,AAPL,IBM,DELL
GOOGL,1.0,0.3281850671,0.3781439438,0.0879620753,0.1741685649
NVDA,0.3281850671,1.0,0.268773935,0.163779636,0.4884501442
AAPL,0.3781439438,0.268773935,1.0,0.1040650065,0.1267942985
IBM,0.0879620753,0.163779636,0.1040650065,1.0,0.1045190716
DELL,0.1741685649,0.4884501442,0.1267942985,0.1045190716,1.0
